{
  "_fv": 39,
  "_type": "feature",
  "definition": {
    "generationStep": "VEGETAL_DECORATION",
    "restrictionDimensions": [
      "CUSTOM:AtmosphereDimension"
    ],
    "restrictionBiomes": [
      {
        "value": "CUSTOM:PetalParadise"
      }
    ],
    "featurexml": "<xml xmlns=\"https://developers.google.com/blockly/xml\"><block type=\"feature_container\" deletable=\"false\" x=\"40\" y=\"40\"><value name=\"feature\"><block type=\"feature_random_patch_simple\"><field name=\"tries\">35</field><field name=\"xzSpread\">7</field><field name=\"ySpread\">3</field><value name=\"block\"><block type=\"mcitem_allblocks\"><field name=\"value\">CUSTOM:BlosoreaFlower</field></block></value><value name=\"condition\"><block type=\"block_predicate_all_of\"><mutation xmlns=\"http://www.w3.org/1999/xhtml\" inputs=\"2\"></mutation><comment pinned=\"false\" h=\"80\" w=\"160\">Pumpkins need to verify two conditions to be placed.</comment><value name=\"condition0\"><block type=\"block_predicate_is_air\"><comment pinned=\"false\" h=\"80\" w=\"160\">Pumpkins can't replace other blocks</comment></block></value><value name=\"condition1\"><block type=\"block_predicate_matching_blocks\"><field name=\"x\">0</field><field name=\"y\">-1</field><field name=\"z\">0</field><comment pinned=\"false\" h=\"80\" w=\"160\">Pumpkins can only generate on grass blocks</comment><value name=\"blockSet\"><block type=\"block_holderset_list\"><mutation xmlns=\"http://www.w3.org/1999/xhtml\" inputs=\"1\"></mutation><field name=\"block0\">CUSTOM:HumusGrassBlock</field></block></value></block></value></block></value></block></value><next><block type=\"placement_rarity\"><field name=\"rarity\">20</field><comment pinned=\"false\" h=\"80\" w=\"160\">This is so the patch only generates in some of the chunks. The higher the value, the rarer the patch will be</comment><next><block type=\"placement_in_square\"><comment pinned=\"false\" h=\"83\" w=\"182\">We then move each patch horizontally. This way they don't generate only in the corner of the chunk</comment><next><block type=\"placement_heightmap\"><field name=\"heightmap\">MOTION_BLOCKING</field><comment pinned=\"false\" h=\"92\" w=\"165\">We then move the patches at the highest motion blocking block, so that they generate on the surface</comment><next><block type=\"placement_biome_filter\"><comment pinned=\"false\" h=\"80\" w=\"160\">We add a biome filter, so that the patches don't generate outside of the current biome</comment></block></next></block></next></block></next></block></next></block></xml>"
  }
}