{
  "_fv": 39,
  "_type": "recipe",
  "definition": {
    "recipeType": "Crafting",
    "xpReward": 0.0,
    "cookingTime": 200,
    "recipeRetstackSize": 6,
    "group": "",
    "recipeShapeless": false,
    "recipeSlots": [
      {
        "value": ""
      },
      {
        "value": ""
      },
      {
        "value": ""
      },
      {
        "value": ""
      },
      {
        "value": ""
      },
      {
        "value": ""
      },
      {
        "value": "CUSTOM:BoreaPlanks"
      },
      {
        "value": "CUSTOM:BoreaPlanks"
      },
      {
        "value": "CUSTOM:BoreaPlanks"
      }
    ],
    "recipeReturnStack": {
      "value": "CUSTOM:BoreaSlab"
    },
    "name": "borea_slab_recipe",
    "namespace": "mod"
  }
}