{
  "_fv": 39,
  "_type": "feature",
  "definition": {
    "generationStep": "UNDERGROUND_STRUCTURES",
    "restrictionDimensions": [
      "CUSTOM:AtmosphereDimension"
    ],
    "restrictionBiomes": [
      {
        "value": "CUSTOM:HornaForest"
      }
    ],
    "featurexml": "<xml xmlns=\"https://developers.google.com/blockly/xml\"><block type=\"feature_container\" deletable=\"false\" x=\"40\" y=\"40\"><value name=\"feature\"><block type=\"feature_replace_sphere\"><value name=\"targetState\"><block type=\"mcitem_allblocks\"><field name=\"value\">CUSTOM:FrostedIceBlock</field></block></value><value name=\"newState\"><block type=\"mcitem_allblocks\"><field name=\"value\">CUSTOM:FrozenIceBlock</field></block></value><value name=\"radius\"><block type=\"int_provider_uniform\"><field name=\"min\">6</field><field name=\"max\">10</field><comment pinned=\"false\" h=\"80\" w=\"160\">This is the size of the blob</comment></block></value></block></value><next><block type=\"placement_count\"><value name=\"count\"><block type=\"int_provider_constant\"><field name=\"value\">10</field></block></value><next><block type=\"placement_in_square\"><next><block type=\"placement_height_uniform\"><value name=\"min\"><block type=\"vertical_anchor_above_bottom\"><field name=\"value\">0</field></block></value><value name=\"max\"><block type=\"vertical_anchor_below_top\"><field name=\"value\">0</field></block></value><next><block type=\"placement_biome_filter\"></block></next></block></next></block></next></block></next></block></xml>"
  }
}