{
  "_fv": 39,
  "_type": "biome",
  "definition": {
    "name": "Horna Forest",
    "groundBlock": {
      "value": "Blocks.SNOW"
    },
    "undergroundBlock": {
      "value": "CUSTOM:FrostedIceBlock"
    },
    "underwaterBlock": {
      "value": "CUSTOM:FrostedIceBlock"
    },
    "airColor": {
      "value": -5837313,
      "falpha": 0.0
    },
    "grassColor": {
      "value": -5966411,
      "falpha": 0.0
    },
    "foliageColor": {
      "value": -10337177,
      "falpha": 0.0
    },
    "waterColor": {
      "value": -16772439,
      "falpha": 0.0
    },
    "waterFogColor": {
      "value": -16772439,
      "falpha": 0.0
    },
    "ambientSound": {
      "value": ""
    },
    "additionsSound": {
      "value": ""
    },
    "music": {
      "value": ""
    },
    "moodSound": {
      "value": ""
    },
    "moodSoundDelay": 6000,
    "spawnParticles": false,
    "particleToSpawn": {
      "value": "CUSTOM:Stardust1"
    },
    "particlesProbability": 0.5,
    "rainingPossibility": 0.5,
    "temperature": -1.0,
    "spawnBiome": false,
    "spawnInCaves": false,
    "spawnBiomeNether": false,
    "genTemperature": {
      "min": -1.2,
      "max": -0.8
    },
    "genHumidity": {
      "min": -0.2,
      "max": 0.2
    },
    "genContinentalness": {
      "min": 0.31,
      "max": 0.71
    },
    "genErosion": {
      "min": 0.6000000000000001,
      "max": 1.0
    },
    "genWeirdness": {
      "min": 0.24775431176656765,
      "max": 0.6477543117665676
    },
    "grassPerChunk": 0,
    "seagrassPerChunk": 0,
    "flowersPerChunk": 0,
    "mushroomsPerChunk": 0,
    "bigMushroomsChunk": 0,
    "sandPatchesPerChunk": 0,
    "gravelPatchesPerChunk": 0,
    "reedsPerChunk": 0,
    "cactiPerChunk": 0,
    "treesPerChunk": 0,
    "vanillaTreeType": "Default",
    "treeType": 0,
    "minHeight": 7,
    "treeStem": {
      "value": ""
    },
    "treeBranch": {
      "value": ""
    },
    "treeVines": {
      "value": ""
    },
    "treeFruits": {
      "value": ""
    },
    "spawnStronghold": false,
    "spawnMineshaft": false,
    "spawnMineshaftMesa": false,
    "spawnPillagerOutpost": false,
    "villageType": "none",
    "spawnWoodlandMansion": false,
    "spawnJungleTemple": false,
    "spawnDesertPyramid": false,
    "spawnSwampHut": false,
    "spawnIgloo": false,
    "spawnOceanMonument": false,
    "spawnShipwreck": false,
    "spawnShipwreckBeached": false,
    "spawnBuriedTreasure": false,
    "oceanRuinType": "NONE",
    "spawnNetherBridge": false,
    "spawnNetherFossil": false,
    "spawnBastionRemnant": false,
    "spawnEndCity": false,
    "spawnRuinedPortal": "NONE",
    "defaultFeatures": [
      "FrozenTopLayer"
    ],
    "spawnEntries": []
  }
}