{
  "_fv": 39,
  "_type": "plant",
  "definition": {
    "renderType": 12,
    "texture": "humus_weed",
    "textureBottom": "",
    "customModelName": "Cross model",
    "itemTexture": "humus_weed_item",
    "particleTexture": "",
    "tintType": "No tint",
    "isItemTinted": false,
    "plantType": "normal",
    "staticPlantGenerationType": "Grass",
    "suspiciousStewEffect": "SPEED",
    "suspiciousStewDuration": 100,
    "growapableSpawnType": "Plains",
    "growapableMaxHeight": 3,
    "doublePlantGenerationType": "Flower",
    "customBoundingBox": true,
    "disableOffset": false,
    "boundingBoxes": [
      {
        "mx": 0.0,
        "my": 0.0,
        "mz": 0.0,
        "Mx": 16.0,
        "My": 3.0,
        "Mz": 16.0,
        "subtract": false
      }
    ],
    "name": "Humus Weed",
    "specialInfo": [],
    "creativeTab": {
      "value": "CUSTOM:Atmosphere"
    },
    "hardness": 0.0,
    "resistance": 0.0,
    "luminance": 0,
    "unbreakable": false,
    "isSolid": false,
    "isCustomSoundType": false,
    "soundOnStep": {
      "value": "PLANT"
    },
    "breakSound": {
      "value": ""
    },
    "stepSound": {
      "value": ""
    },
    "placeSound": {
      "value": ""
    },
    "hitSound": {
      "value": ""
    },
    "fallSound": {
      "value": ""
    },
    "useLootTableForDrops": false,
    "customDrop": {
      "value": ""
    },
    "dropAmount": 1,
    "forceTicking": false,
    "emissiveRendering": false,
    "hasTileEntity": false,
    "isReplaceable": false,
    "colorOnMap": "DEFAULT",
    "creativePickItem": {
      "value": ""
    },
    "offsetType": "XZ",
    "aiPathNodeType": "DEFAULT",
    "flammability": 100,
    "fireSpreadSpeed": 60,
    "jumpFactor": 1.0,
    "speedFactor": 1.0,
    "canBePlacedOn": [
      {
        "value": "CUSTOM:HumusSoil"
      },
      {
        "value": "CUSTOM:HumusGrassBlock"
      },
      {
        "value": "CUSTOM:FrostedHumusSoil"
      },
      {
        "value": "CUSTOM:ZorroMoss"
      },
      {
        "value": "Blocks.GRASS"
      },
      {
        "value": "Blocks.MYCELIUM"
      },
      {
        "value": "Blocks.DIRT#0"
      },
      {
        "value": "Blocks.DIRT#1"
      },
      {
        "value": "Blocks.DIRT#2"
      },
      {
        "value": "Blocks.ROOTED_DIRT"
      },
      {
        "value": "Blocks.MOSS_BLOCK"
      }
    ],
    "isBonemealable": false,
    "frequencyOnChunks": 14,
    "spawnWorldTypes": [
      "CUSTOM:AtmosphereDimension"
    ],
    "restrictionBiomes": [
      {
        "value": "CUSTOM:PetalParadise"
      },
      {
        "value": "CUSTOM:ZorroForest"
      }
    ],
    "patchSize": 64,
    "generateAtAnyHeight": true
  }
}