{
  "_fv": 39,
  "_type": "feature",
  "definition": {
    "generationStep": "RAW_GENERATION",
    "restrictionDimensions": [
      "CUSTOM:AtmosphereDimension"
    ],
    "restrictionBiomes": [
      {
        "value": "CUSTOM:PetalParadise"
      }
    ],
    "featurexml": "<xml xmlns=\"https://developers.google.com/blockly/xml\"><block type=\"feature_container\" deletable=\"false\" x=\"40\" y=\"40\"><value name=\"feature\"><block type=\"feature_random_patch_simple\" inline=\"false\"><field name=\"tries\">300</field><field name=\"xzSpread\">4</field><field name=\"ySpread\">4</field><comment pinned=\"false\" h=\"122\" w=\"245\">This block represents a block patch feature. The blocks will only generate in valid positions (for example, grass will never generate on a stone block).Patches of plants should be generated during the VEGETAL_DECORATION stage.</comment><value name=\"block\"><block type=\"mcitem_allblocks\"><field name=\"value\">CUSTOM:LuminescentLode</field><comment pinned=\"false\" h=\"80\" w=\"160\">This is the block being placed.</comment></block></value><value name=\"condition\"><block type=\"block_predicate_all_of\"><mutation xmlns=\"http://www.w3.org/1999/xhtml\" inputs=\"2\"></mutation><comment pinned=\"false\" h=\"80\" w=\"160\">Pumpkins need to verify two conditions to be placed.</comment><value name=\"condition0\"><block type=\"block_predicate_is_air\"><comment pinned=\"false\" h=\"80\" w=\"160\">Pumpkins can't replace other blocks</comment></block></value><value name=\"condition1\"><block type=\"block_predicate_any_of\"><mutation xmlns=\"http://www.w3.org/1999/xhtml\" inputs=\"2\"></mutation><value name=\"condition0\"><block type=\"block_predicate_matching_blocks\"><field name=\"x\">0</field><field name=\"y\">1</field><field name=\"z\">0</field><comment pinned=\"false\" h=\"80\" w=\"160\">Pumpkins can only generate on grass blocks</comment><value name=\"blockSet\"><block type=\"block_holderset_list\"><mutation xmlns=\"http://www.w3.org/1999/xhtml\" inputs=\"3\"></mutation><field name=\"block0\">CUSTOM:ShatterStone</field><field name=\"block1\">CUSTOM:CobbledShatterStone</field><field name=\"block2\">CUSTOM:LuminescentLode</field></block></value></block></value><value name=\"condition1\"><block type=\"block_predicate_matching_blocks\"><field name=\"x\">0</field><field name=\"y\">2</field><field name=\"z\">0</field><comment pinned=\"false\" h=\"80\" w=\"160\">Pumpkins can only generate on grass blocks</comment><value name=\"blockSet\"><block type=\"block_holderset_list\"><mutation xmlns=\"http://www.w3.org/1999/xhtml\" inputs=\"3\"></mutation><field name=\"block0\">CUSTOM:ShatterStone</field><field name=\"block1\">CUSTOM:CobbledShatterStone</field><field name=\"block2\">CUSTOM:LuminescentLode</field></block></value></block></value></block></value></block></value></block></value><next><block type=\"placement_count_on_every_layer\"><value name=\"count\"><block type=\"int_provider_constant\"><field name=\"value\">6</field></block></value><next><block type=\"placement_in_square\"><comment pinned=\"false\" h=\"83\" w=\"182\">We then move each patch horizontally. This way they don't generate only in the corner of the chunk</comment><next><block type=\"placement_biome_filter\"><comment pinned=\"false\" h=\"80\" w=\"160\">We add a biome filter, so that the patches don't generate outside of the current biome</comment></block></next></block></next></block></next></block></xml>"
  }
}