{
  "_fv": 39,
  "_type": "biome",
  "definition": {
    "name": "Petal Paradise",
    "groundBlock": {
      "value": "CUSTOM:HumusGrassBlock"
    },
    "undergroundBlock": {
      "value": "CUSTOM:HumusSoil"
    },
    "underwaterBlock": {
      "value": "CUSTOM:HumusSoil"
    },
    "airColor": {
      "value": -273411,
      "falpha": 0.0
    },
    "grassColor": {
      "value": -11419067,
      "falpha": 0.0
    },
    "foliageColor": {
      "value": -14003674,
      "falpha": 0.0
    },
    "waterColor": {
      "value": -10881563,
      "falpha": 0.0
    },
    "waterFogColor": {
      "value": -10881563,
      "falpha": 0.0
    },
    "ambientSound": {
      "value": ""
    },
    "additionsSound": {
      "value": ""
    },
    "music": {
      "value": ""
    },
    "moodSound": {
      "value": ""
    },
    "moodSoundDelay": 6000,
    "spawnParticles": false,
    "particleToSpawn": {
      "value": "EXPLOSION_NORMAL"
    },
    "particlesProbability": 0.5,
    "rainingPossibility": 0.7000000000000001,
    "temperature": 1.3,
    "spawnBiome": false,
    "spawnInCaves": false,
    "spawnBiomeNether": false,
    "genTemperature": {
      "min": -0.44666666666666677,
      "max": 1.5133333333333332
    },
    "genHumidity": {
      "min": -0.5799999999999998,
      "max": 1.3800000000000001
    },
    "genContinentalness": {
      "min": -0.47950000000000004,
      "max": 1.4805
    },
    "genErosion": {
      "min": 0.014000000000000012,
      "max": 1.974
    },
    "genWeirdness": {
      "min": -0.27229842239630697,
      "max": 1.687701577603693
    },
    "grassPerChunk": 0,
    "seagrassPerChunk": 0,
    "flowersPerChunk": 0,
    "mushroomsPerChunk": 0,
    "bigMushroomsChunk": 0,
    "sandPatchesPerChunk": 0,
    "gravelPatchesPerChunk": 0,
    "reedsPerChunk": 0,
    "cactiPerChunk": 0,
    "treesPerChunk": 0,
    "vanillaTreeType": "Default",
    "treeType": 0,
    "minHeight": 7,
    "treeStem": {
      "value": ""
    },
    "treeBranch": {
      "value": ""
    },
    "treeVines": {
      "value": ""
    },
    "treeFruits": {
      "value": ""
    },
    "spawnStronghold": false,
    "spawnMineshaft": false,
    "spawnMineshaftMesa": false,
    "spawnPillagerOutpost": false,
    "villageType": "none",
    "spawnWoodlandMansion": false,
    "spawnJungleTemple": false,
    "spawnDesertPyramid": false,
    "spawnSwampHut": false,
    "spawnIgloo": false,
    "spawnOceanMonument": false,
    "spawnShipwreck": false,
    "spawnShipwreckBeached": false,
    "spawnBuriedTreasure": false,
    "oceanRuinType": "NONE",
    "spawnNetherBridge": false,
    "spawnNetherFossil": false,
    "spawnBastionRemnant": false,
    "spawnEndCity": false,
    "spawnRuinedPortal": "NONE",
    "defaultFeatures": [],
    "spawnEntries": []
  }
}