{
  "_fv": 39,
  "_type": "animatedentity",
  "definition": {
    "mobName": "Saint",
    "mobLabel": "",
    "mobModelTexture": "saint.png",
    "mobModelGlowTexture": "",
    "visualScale": {
      "fixedValue": 1.0
    },
    "boundingBoxScale": {
      "fixedValue": 1.0
    },
    "modelWidth": 0.7999999999999999,
    "modelHeight": 3.8,
    "modelShadowSize": 0.19999999999999998,
    "mountedYOffset": 0.0,
    "hasSpawnEgg": true,
    "spawnEggBaseColor": {
      "value": -1118482,
      "falpha": 0.0
    },
    "spawnEggDotColor": {
      "value": -7570904,
      "falpha": 0.0
    },
    "creativeTab": {
      "value": "CUSTOM:Atmosphere"
    },
    "isBoss": false,
    "bossBarColor": "PINK",
    "bossBarType": "PROGRESS",
    "equipmentMainHand": {
      "value": ""
    },
    "equipmentOffHand": {
      "value": ""
    },
    "equipmentHelmet": {
      "value": ""
    },
    "equipmentBody": {
      "value": ""
    },
    "equipmentLeggings": {
      "value": ""
    },
    "equipmentBoots": {
      "value": ""
    },
    "mobBehaviourType": "Mob",
    "mobCreatureType": "UNDEFINED",
    "attackStrength": 15,
    "attackKnockback": 1.0,
    "knockbackResistance": 1.0,
    "movementSpeed": 0.3,
    "armorBaseValue": 2.0,
    "trackingRange": 64,
    "followRange": 64,
    "health": 200,
    "xpAmount": 5,
    "waterMob": false,
    "flyingMob": false,
    "guiBoundTo": "<NONE>",
    "inventorySize": 9,
    "inventoryStackSize": 64,
    "deathTime": 20,
    "lerp": 4,
    "disableCollisions": false,
    "ridable": false,
    "canControlForward": false,
    "canControlStrafe": false,
    "immuneToFire": false,
    "immuneToArrows": false,
    "immuneToFallDamage": false,
    "immuneToCactus": false,
    "immuneToDrowning": false,
    "immuneToLightning": false,
    "immuneToPotions": true,
    "immuneToPlayer": false,
    "immuneToExplosion": false,
    "immuneToTrident": false,
    "immuneToAnvil": false,
    "immuneToWither": true,
    "immuneToDragonBreath": false,
    "mobDrop": {
      "value": ""
    },
    "livingSound": {
      "value": "ambient.soul_sand_valley.loop"
    },
    "hurtSound": {
      "value": "entity.wither.hurt"
    },
    "deathSound": {
      "value": "entity.wither.death"
    },
    "stepSound": {
      "value": "entity.polar_bear.step"
    },
    "hasAI": true,
    "aiBase": "(none)",
    "aixml": "<xml xmlns=\"https://developers.google.com/blockly/xml\"><block type=\"aitasks_container\" deletable=\"false\" x=\"40\" y=\"40\"><next><block type=\"attack_on_collide\"><field name=\"speed\">1.2</field><field name=\"longmemory\">FALSE</field><field name=\"condition\">null,null</field><next><block type=\"wander\"><field name=\"speed\">1</field><field name=\"condition\">null,null</field><next><block type=\"attack_action\"><field name=\"callhelp\">FALSE</field><field name=\"condition\">null,null</field><next><block type=\"look_around\"><field name=\"condition\">null,null</field><next><block type=\"swim_in_water\"><field name=\"condition\">null,null</field></block></next></block></next></block></next></block></next></block></next></block></xml>",
    "model": "saint.geo.json",
    "groupName": "head",
    "animation1": "idle",
    "animation2": "walk",
    "animation3": "death",
    "animation4": "attack",
    "animation5": "",
    "animation6": "",
    "animation7": "",
    "animation8": "",
    "animation9": "",
    "animation10": "sprint",
    "enable2": true,
    "enable3": true,
    "enable4": true,
    "enable5": false,
    "enable6": false,
    "enable7": false,
    "enable8": false,
    "enable9": false,
    "enable10": true,
    "breedable": false,
    "tameable": false,
    "disableDeathRotation": true,
    "headMovement": true,
    "eyeHeight": false,
    "breedTriggerItems": [],
    "ranged": false,
    "rangedAttackItem": {
      "value": ""
    },
    "rangedItemType": "Default item",
    "rangedAttackInterval": 20,
    "rangedAttackRadius": 10.0,
    "height": 1.0,
    "spawnThisMob": false,
    "doesDespawnWhenIdle": false,
    "spawningProbability": 20,
    "mobSpawningType": "monster",
    "minNumberOfMobsPerGroup": 4,
    "maxNumberOfMobsPerGroup": 4,
    "restrictionBiomes": [],
    "spawnInDungeons": false
  }
}