{
  "_fv": 39,
  "_type": "animateditem",
  "definition": {
    "renderType": 0,
    "texture": "scroll_on_a_stick",
    "name": "Scroll On A Stick",
    "idle": "idle",
    "rarity": "RARE",
    "displaySettings": "scroll_on_a_stick.item.json",
    "leftArm": "",
    "rightArm": "",
    "perspective": "All Perspectives",
    "creativeTab": {
      "value": "CUSTOM:Atmosphere"
    },
    "firstPersonArms": false,
    "stackSize": 1,
    "enchantability": 0,
    "useDuration": 0,
    "toolType": 1.0,
    "damageCount": 256,
    "recipeRemainder": {
      "value": ""
    },
    "destroyAnyBlock": false,
    "immuneToFire": false,
    "stayInGridWhenCrafting": false,
    "damageOnCrafting": false,
    "enableMeleeDamage": false,
    "damageVsEntity": 0.0,
    "specialInfo": [],
    "hasGlow": false,
    "guiBoundTo": "<NONE>",
    "inventorySize": 9,
    "inventoryStackSize": 64,
    "onRightClickedInAir": {
      "name": "ScrollOnAStickRightclicked"
    },
    "isFood": false,
    "nutritionalValue": 4,
    "saturation": 0.3,
    "eatResultItem": {
      "value": ""
    },
    "isMeat": false,
    "isAlwaysEdible": false,
    "animation": "none",
    "normal": "scroll_on_a_stick.geo.json"
  }
}