{
	"format_version": "1.8.0",
	"animations": {
		"walk": {
			"loop": true,
			"animation_length": 4,
			"bones": {
				"balloonbody": {
					"scale": {
						"0.0": {
							"vector": [1, 1, 1]
						},
						"0.7917": {
							"vector": [0.95, 0.95, 0.95]
						},
						"3.1667": {
							"vector": [0.8, 0.8, 0.7]
						},
						"4.0": {
							"vector": [1, 1, 1]
						}
					}
				},
				"left_feet": {
					"rotation": {
						"0.0": {
							"vector": [0, 0, -40]
						},
						"0.8333": {
							"vector": [0, 0, -12.5]
						},
						"1.125": {
							"vector": [0, 0, 2.41]
						},
						"1.5833": {
							"vector": [0, 0, 0]
						},
						"2.0833": {
							"vector": [0, 0, 8.57]
						},
						"2.4583": {
							"vector": [0, 0, -2.5]
						},
						"3.0833": {
							"vector": [0, 0, -17.5]
						},
						"4.0": {
							"vector": [0, 0, -40]
						}
					}
				},
				"left_wing": {
					"rotation": {
						"0.0": {
							"vector": [0, 0, 17.5]
						},
						"0.25": {
							"vector": [0, 0, -17.5]
						},
						"0.5": {
							"vector": [0, 0, 17.5]
						},
						"0.75": {
							"vector": [0, 0, -17.5]
						},
						"1.0": {
							"vector": [0, 0, 17.5]
						},
						"1.25": {
							"vector": [0, 0, -17.5]
						},
						"1.5": {
							"vector": [0, 0, 17.5]
						},
						"1.75": {
							"vector": [0, 0, -17.5]
						},
						"2.0": {
							"vector": [0, 0, 17.5]
						},
						"2.25": {
							"vector": [0, 0, -17.5]
						},
						"2.5": {
							"vector": [0, 0, 17.5]
						},
						"2.75": {
							"vector": [0, 0, -17.5]
						},
						"3.0": {
							"vector": [0, 0, 17.5]
						},
						"3.25": {
							"vector": [0, 0, -17.5]
						},
						"3.5": {
							"vector": [0, 0, 17.5]
						},
						"3.75": {
							"vector": [0, 0, -17.5]
						},
						"4.0": {
							"vector": [0, 0, 17.5]
						}
					}
				},
				"right_wing": {
					"rotation": {
						"0.0": {
							"vector": [0, 0, -17.5]
						},
						"0.25": {
							"vector": [0, 0, 17.5]
						},
						"0.5": {
							"vector": [0, 0, -17.5]
						},
						"0.75": {
							"vector": [0, 0, 17.5]
						},
						"1.0": {
							"vector": [0, 0, -17.5]
						},
						"1.25": {
							"vector": [0, 0, 17.5]
						},
						"1.5": {
							"vector": [0, 0, -17.5]
						},
						"1.75": {
							"vector": [0, 0, 17.5]
						},
						"2.0": {
							"vector": [0, 0, -17.5]
						},
						"2.25": {
							"vector": [0, 0, 17.5]
						},
						"2.5": {
							"vector": [0, 0, -17.5]
						},
						"2.75": {
							"vector": [0, 0, 17.5]
						},
						"3.0": {
							"vector": [0, 0, -17.5]
						},
						"3.25": {
							"vector": [0, 0, 17.5]
						},
						"3.5": {
							"vector": [0, 0, -17.5]
						},
						"3.75": {
							"vector": [0, 0, 17.5]
						},
						"4.0": {
							"vector": [0, 0, -17.5]
						}
					}
				},
				"whole": {
					"rotation": {
						"0.0": {
							"vector": [7.5, 0, 0]
						},
						"0.25": {
							"vector": [8.5, 0, 0]
						},
						"0.875": {
							"vector": [7.5, 0, 0]
						},
						"1.4167": {
							"vector": [2.5, 0, 0]
						},
						"2.5417": {
							"vector": [-7.84, 0, 0]
						},
						"2.9583": {
							"vector": [0, 0, 0]
						},
						"3.4583": {
							"vector": [8.86, 0, 0]
						},
						"4.0": {
							"vector": [7.5, 0, 0]
						}
					},
					"position": {
						"0.0": {
							"vector": [0, 0, 0]
						},
						"0.875": {
							"vector": [0, -4, -1]
						},
						"1.1667": {
							"vector": [0, -4, -1]
						},
						"2.0": {
							"vector": [0, 0, 0]
						},
						"2.9583": {
							"vector": [0, 8, 1]
						},
						"3.0833": {
							"vector": [0, 8, 1]
						},
						"4.0": {
							"vector": [0, 0, 0]
						}
					}
				},
				"right_feet": {
					"rotation": {
						"0.0": {
							"vector": [0, 0, 40]
						},
						"0.8333": {
							"vector": [0, 0, 12.5]
						},
						"1.125": {
							"vector": [0, 0, -2.41]
						},
						"1.5833": {
							"vector": [0, 0, 0]
						},
						"2.0833": {
							"vector": [0, 0, -8.57]
						},
						"2.4583": {
							"vector": [0, 0, 2.5]
						},
						"3.0833": {
							"vector": [0, 0, 17.5]
						},
						"4.0": {
							"vector": [0, 0, 40]
						}
					}
				},
				"whole2": {
					"rotation": {
						"0.0": {
							"vector": [0, 0, 7.5]
						},
						"2.0": {
							"vector": [0, 0, -7.5]
						},
						"4.0": {
							"vector": [0, 0, 7.5]
						}
					}
				}
			}
		},
		"idle": {
			"loop": true,
			"animation_length": 4,
			"bones": {
				"whole": {
					"rotation": {
						"0.0": {
							"vector": [0, 0, 0]
						},
						"2.0": {
							"vector": [-5, 0, 0]
						},
						"4.0": {
							"vector": [0, 0, 0]
						}
					},
					"position": {
						"0.0": {
							"vector": [0, 0, 0]
						},
						"0.9583": {
							"vector": [0, 2, 0]
						},
						"2.0": {
							"vector": [0, 0, 0]
						},
						"3.0": {
							"vector": [0, 2, 0]
						},
						"4.0": {
							"vector": [0, 0, 0]
						}
					}
				},
				"right_feet": {
					"rotation": {
						"0.0": {
							"vector": [0, 0, 0]
						},
						"1.0": {
							"vector": [0, 0, 30]
						},
						"2.0": {
							"vector": [0, 0, -7.5]
						},
						"3.0417": {
							"vector": [0, 0, 30]
						},
						"4.0": {
							"vector": [0, 0, 0]
						}
					}
				},
				"left_feet": {
					"rotation": {
						"0.0": {
							"vector": [0, 0, 0]
						},
						"1.0": {
							"vector": [0, 0, -30]
						},
						"2.0": {
							"vector": [0, 0, 7.5]
						},
						"3.0417": {
							"vector": [0, 0, -30]
						},
						"4.0": {
							"vector": [0, 0, 0]
						}
					}
				},
				"right_wing": {
					"rotation": {
						"0.0": {
							"vector": [0, 0, -17.5]
						},
						"0.25": {
							"vector": [0, 0, 17.5]
						},
						"0.5": {
							"vector": [0, 0, -17.5]
						},
						"0.75": {
							"vector": [0, 0, 17.5]
						},
						"1.0": {
							"vector": [0, 0, -17.5]
						},
						"1.25": {
							"vector": [0, 0, 17.5]
						},
						"1.5": {
							"vector": [0, 0, -17.5]
						},
						"1.75": {
							"vector": [0, 0, 17.5]
						},
						"2.0": {
							"vector": [0, 0, -17.5]
						},
						"2.25": {
							"vector": [0, 0, 17.5]
						},
						"2.5": {
							"vector": [0, 0, -17.5]
						},
						"2.75": {
							"vector": [0, 0, 17.5]
						},
						"3.0": {
							"vector": [0, 0, -17.5]
						},
						"3.25": {
							"vector": [0, 0, 17.5]
						},
						"3.5": {
							"vector": [0, 0, -17.5]
						},
						"3.75": {
							"vector": [0, 0, 17.5]
						},
						"4.0": {
							"vector": [0, 0, -17.5]
						}
					}
				},
				"left_wing": {
					"rotation": {
						"0.0": {
							"vector": [0, 0, 17.5]
						},
						"0.25": {
							"vector": [0, 0, -17.5]
						},
						"0.5": {
							"vector": [0, 0, 17.5]
						},
						"0.75": {
							"vector": [0, 0, -17.5]
						},
						"1.0": {
							"vector": [0, 0, 17.5]
						},
						"1.25": {
							"vector": [0, 0, -17.5]
						},
						"1.5": {
							"vector": [0, 0, 17.5]
						},
						"1.75": {
							"vector": [0, 0, -17.5]
						},
						"2.0": {
							"vector": [0, 0, 17.5]
						},
						"2.25": {
							"vector": [0, 0, -17.5]
						},
						"2.5": {
							"vector": [0, 0, 17.5]
						},
						"2.75": {
							"vector": [0, 0, -17.5]
						},
						"3.0": {
							"vector": [0, 0, 17.5]
						},
						"3.25": {
							"vector": [0, 0, -17.5]
						},
						"3.5": {
							"vector": [0, 0, 17.5]
						},
						"3.75": {
							"vector": [0, 0, -17.5]
						},
						"4.0": {
							"vector": [0, 0, 17.5]
						}
					}
				},
				"balloonbody": {
					"scale": {
						"0.0": {
							"vector": [1, 1, 1]
						},
						"1.0": {
							"vector": [0.9, 0.9, 0.9]
						},
						"2.0": {
							"vector": [1, 1, 1]
						},
						"3.0": {
							"vector": [0.9, 0.9, 0.9]
						},
						"4.0": {
							"vector": [1, 1, 1]
						}
					}
				}
			}
		},
		"death": {
			"animation_length": 1,
			"bones": {
				"whole": {
					"rotation": {
						"0.0": {
							"vector": [0, 0, 0]
						},
						"0.5": {
							"vector": [-65, 0, 0]
						}
					},
					"position": {
						"0.0": {
							"vector": [0, 0, 0]
						},
						"0.5": {
							"vector": [0, -17, 12]
						}
					}
				},
				"right_wing": {
					"rotation": {
						"0.0": {
							"vector": [0, 0, 25]
						},
						"0.125": {
							"vector": [0, 0, -25]
						},
						"0.25": {
							"vector": [0, 0, 25]
						},
						"0.375": {
							"vector": [0, 0, -25]
						},
						"0.5": {
							"vector": [0, 0, 25]
						},
						"0.625": {
							"vector": [0, 0, -25]
						},
						"0.75": {
							"vector": [0, 0, 25]
						},
						"0.875": {
							"vector": [0, 0, -25]
						}
					}
				},
				"left_wing": {
					"rotation": {
						"0.0": {
							"vector": [0, 0, -25]
						},
						"0.125": {
							"vector": [0, 0, 25]
						},
						"0.25": {
							"vector": [0, 0, -25]
						},
						"0.375": {
							"vector": [0, 0, 25]
						},
						"0.5": {
							"vector": [0, 0, -25]
						},
						"0.625": {
							"vector": [0, 0, 25]
						},
						"0.75": {
							"vector": [0, 0, -25]
						},
						"0.875": {
							"vector": [0, 0, 25]
						}
					}
				},
				"balloonbody": {
					"scale": {
						"0.0": {
							"vector": [1, 1, 1]
						},
						"0.8333": {
							"vector": [0.4, 0.4, 0.4]
						}
					}
				}
			}
		}
	}
}