{
	"format_version": "1.8.0",
	"animations": {
		"walk": {
			"loop": true,
			"animation_length": 2.5,
			"bones": {
				"left_wing": {
					"rotation": {
						"0.0": {
							"vector": [0, 0, 10],
							"easing": "easeOutSine"
						},
						"0.875": {
							"vector": [0, 0, -17.5],
							"easing": "easeInOutQuad"
						},
						"2.5": {
							"vector": [0, 0, 10],
							"easing": "easeInOutSine"
						}
					}
				},
				"right_wing": {
					"rotation": {
						"0.0": {
							"vector": [0, 0, -10],
							"easing": "easeInSine"
						},
						"0.875": {
							"vector": [0, 0, 17.5],
							"easing": "easeInOutQuad"
						},
						"2.5": {
							"vector": [0, 0, -10],
							"easing": "easeInOutSine"
						}
					}
				},
				"hair_right_0": {
					"rotation": {
						"0.0": {
							"vector": [0, 0, 0]
						},
						"0.25": {
							"vector": [0, 15, 0]
						},
						"0.5": {
							"vector": [0, 0, 0]
						},
						"0.75": {
							"vector": [0, 15, 0]
						},
						"1.0": {
							"vector": [0, 0, 0]
						},
						"1.25": {
							"vector": [0, 15, 0]
						},
						"1.5": {
							"vector": [0, 0, 0]
						},
						"1.75": {
							"vector": [0, 15, 0]
						},
						"2.0": {
							"vector": [0, 0, 0]
						},
						"2.25": {
							"vector": [0, 15, 0]
						},
						"2.5": {
							"vector": [0, 0, 0]
						}
					}
				},
				"hair_right_1": {
					"rotation": {
						"0.0": {
							"vector": [0, -10, 0]
						},
						"0.1667": {
							"vector": [0, 2.5, 0]
						},
						"0.5833": {
							"vector": [0, -10, 0]
						},
						"0.75": {
							"vector": [0, 2.5, 0]
						},
						"0.9167": {
							"vector": [0, -10, 0]
						},
						"1.3333": {
							"vector": [0, 2.5, 0]
						},
						"1.4583": {
							"vector": [0, -10, 0]
						},
						"1.7083": {
							"vector": [0, 2.5, 0]
						},
						"2.0417": {
							"vector": [0, -10, 0]
						},
						"2.2917": {
							"vector": [0, 2.5, 0]
						},
						"2.5": {
							"vector": [0, -10, 0]
						}
					}
				},
				"hair_right_2": {
					"rotation": {
						"0.0": {
							"vector": [0, 0, 0]
						},
						"0.3333": {
							"vector": [0, 5, 0]
						},
						"0.5": {
							"vector": [0, 0, 0]
						},
						"0.8333": {
							"vector": [0, 5, 0]
						},
						"1.0": {
							"vector": [0, 0, 0]
						},
						"1.1667": {
							"vector": [0, 5, 0]
						},
						"1.4167": {
							"vector": [0, 0, 0]
						},
						"1.8333": {
							"vector": [0, 5, 0]
						},
						"2.0833": {
							"vector": [0, 0, 0]
						},
						"2.2917": {
							"vector": [0, 5, 0]
						},
						"2.5": {
							"vector": [0, 0, 0]
						}
					}
				},
				"hair_right_3": {
					"rotation": {
						"0.0": {
							"vector": [0, 0, 0]
						},
						"0.3333": {
							"vector": [0, 17.5, 0]
						},
						"0.4583": {
							"vector": [0, 0, 0]
						},
						"0.6667": {
							"vector": [0, 17.5, 0]
						},
						"1.0833": {
							"vector": [0, 0, 0]
						},
						"1.2917": {
							"vector": [0, 17.5, 0]
						},
						"1.4167": {
							"vector": [0, 0, 0]
						},
						"1.6667": {
							"vector": [0, 17.5, 0]
						},
						"2.0417": {
							"vector": [0, 0, 0]
						},
						"2.2083": {
							"vector": [0, 17.5, 0]
						},
						"2.5": {
							"vector": [0, 0, 0]
						}
					}
				},
				"hair_left_0": {
					"rotation": {
						"0.0": {
							"vector": [0, 0, 0]
						},
						"0.2083": {
							"vector": [0, -15, 0]
						},
						"0.5833": {
							"vector": [0, 0, 0]
						},
						"0.7083": {
							"vector": [0, -15, 0]
						},
						"1.0833": {
							"vector": [0, 0, 0]
						},
						"1.3333": {
							"vector": [0, -15, 0]
						},
						"1.4583": {
							"vector": [0, 0, 0]
						},
						"1.6667": {
							"vector": [0, -15, 0]
						},
						"2.125": {
							"vector": [0, 0, 0]
						},
						"2.3333": {
							"vector": [0, -15, 0]
						},
						"2.5": {
							"vector": [0, 0, 0]
						}
					}
				},
				"hair_left_1": {
					"rotation": {
						"0.0": {
							"vector": [0, 0, 0]
						},
						"0.3333": {
							"vector": [0, -22.5, 0]
						},
						"0.625": {
							"vector": [0, 0, 0]
						},
						"0.75": {
							"vector": [0, -22.5, 0]
						},
						"0.9583": {
							"vector": [0, 0, 0]
						},
						"1.375": {
							"vector": [0, -22.5, 0]
						},
						"1.5": {
							"vector": [0, 0, 0]
						},
						"1.6667": {
							"vector": [0, -22.5, 0]
						},
						"2.0833": {
							"vector": [0, 0, 0]
						},
						"2.375": {
							"vector": [0, -22.5, 0]
						},
						"2.5": {
							"vector": [0, 0, 0]
						}
					}
				},
				"hair_left_2": {
					"rotation": {
						"0.0": {
							"vector": [0, 7.5, 0]
						},
						"0.125": {
							"vector": [0, -12.5, 0]
						},
						"0.5417": {
							"vector": [0, 7.5, 0]
						},
						"0.8333": {
							"vector": [0, -12.5, 0]
						},
						"0.9583": {
							"vector": [0, 7.5, 0]
						},
						"1.1667": {
							"vector": [0, -12.5, 0]
						},
						"1.5": {
							"vector": [0, 7.5, 0]
						},
						"1.8333": {
							"vector": [0, -12.5, 0]
						},
						"2.0": {
							"vector": [0, 7.5, 0]
						},
						"2.3333": {
							"vector": [0, -12.5, 0]
						},
						"2.5": {
							"vector": [0, 7.5, 0]
						}
					}
				},
				"hair_left_3": {
					"rotation": {
						"0.0": {
							"vector": [0, 0, 0]
						},
						"0.3333": {
							"vector": [0, -10, 0]
						},
						"0.5833": {
							"vector": [0, 0, 0]
						},
						"0.75": {
							"vector": [0, -10, 0]
						},
						"0.9583": {
							"vector": [0, 0, 0]
						},
						"1.3333": {
							"vector": [0, -10, 0]
						},
						"1.5": {
							"vector": [0, 0, 0]
						},
						"1.625": {
							"vector": [0, -10, 0]
						},
						"2.0": {
							"vector": [0, 0, 0]
						},
						"2.3333": {
							"vector": [0, -10, 0]
						},
						"2.5": {
							"vector": [0, 0, 0]
						}
					}
				},
				"tail": {
					"rotation": {
						"0.0": {
							"vector": [0, -5, 0]
						},
						"1.25": {
							"vector": [0, 5, 0]
						},
						"2.5": {
							"vector": [0, -5, 0]
						}
					}
				},
				"tail_end": {
					"rotation": {
						"0.0": {
							"vector": [0, -10, 0]
						},
						"1.25": {
							"vector": [0, 10, 0]
						},
						"2.5": {
							"vector": [0, -10, 0]
						}
					}
				}
			}
		}
	},
	"geckolib_format_version": 2
}