{
	"credit": "Made with Blockbench",
	"parent": "cloud_fluff",
	"ambientocclusion": false,
	"textures": {
		"0": "Downloads/cloud_block",
		"particle": "Downloads/cloud_block"
	},
	"elements": [
		{
			"from": [-6, 8, -6],
			"to": [22, 8, 22],
			"shade": false,
			"rotation": {"angle": 0, "axis": "z", "origin": [8, 8, 8]},
			"faces": {
				"north": {"uv": [0, 0, 16, 0], "rotation": 180, "texture": "#0"},
				"east": {"uv": [0, 0, 16, 0], "rotation": 180, "texture": "#0"},
				"south": {"uv": [0, 0, 16, 0], "rotation": 180, "texture": "#0"},
				"west": {"uv": [0, 0, 16, 0], "rotation": 180, "texture": "#0"},
				"up": {"uv": [9, 16, 16, 9], "rotation": 180, "texture": "#0"},
				"down": {"uv": [9, 9, 16, 16], "rotation": 180, "texture": "#0"}
			}
		},
		{
			"from": [-6, -6, 8],
			"to": [22, 22, 8],
			"rotation": {"angle": 0, "axis": "z", "origin": [8, 8, 8]},
			"faces": {
				"north": {"uv": [9, 9, 16, 16], "rotation": 180, "texture": "#0"},
				"east": {"uv": [0, 0, 0, 16], "rotation": 180, "texture": "#0"},
				"south": {"uv": [16, 9, 9, 16], "rotation": 180, "texture": "#0"},
				"west": {"uv": [0, 0, 0, 16], "rotation": 180, "texture": "#0"},
				"up": {"uv": [0, 0, 16, 0], "rotation": 180, "texture": "#0"},
				"down": {"uv": [0, 0, 16, 0], "rotation": 180, "texture": "#0"}
			}
		},
		{
			"from": [8, -6, -6],
			"to": [8, 22, 22],
			"rotation": {"angle": 0, "axis": "z", "origin": [8, 8, 8]},
			"faces": {
				"north": {"uv": [0, 0, 0, 16], "rotation": 180, "texture": "#0"},
				"east": {"uv": [16, 9, 9, 16], "rotation": 180, "texture": "#0"},
				"south": {"uv": [0, 0, 0, 16], "rotation": 180, "texture": "#0"},
				"west": {"uv": [9, 9, 16, 16], "rotation": 180, "texture": "#0"},
				"up": {"uv": [0, 0, 0, 16], "rotation": 180, "texture": "#0"},
				"down": {"uv": [0, 0, 0, 16], "rotation": 180, "texture": "#0"}
			}
		},
		{
			"from": [8, -6, -6],
			"to": [8, 22, 22],
			"rotation": {"angle": 0, "axis": "z", "origin": [8, 8, 8]},
			"faces": {
				"north": {"uv": [0, 0, 0, 16], "rotation": 180, "texture": "#0"},
				"east": {"uv": [16, 9, 9, 16], "rotation": 180, "texture": "#0"},
				"south": {"uv": [0, 0, 0, 16], "rotation": 180, "texture": "#0"},
				"west": {"uv": [9, 9, 16, 16], "rotation": 180, "texture": "#0"},
				"up": {"uv": [0, 0, 0, 16], "rotation": 180, "texture": "#0"},
				"down": {"uv": [0, 0, 0, 16], "rotation": 180, "texture": "#0"}
			}
		},
		{
			"from": [-6, -6, 8],
			"to": [22, 22, 8],
			"rotation": {"angle": 0, "axis": "z", "origin": [8, 8, 8]},
			"faces": {
				"north": {"uv": [9, 9, 16, 16], "rotation": 180, "texture": "#0"},
				"east": {"uv": [0, 0, 0, 16], "rotation": 180, "texture": "#0"},
				"south": {"uv": [16, 9, 9, 16], "rotation": 180, "texture": "#0"},
				"west": {"uv": [0, 0, 0, 16], "rotation": 180, "texture": "#0"},
				"up": {"uv": [0, 0, 16, 0], "rotation": 180, "texture": "#0"},
				"down": {"uv": [0, 0, 16, 0], "rotation": 180, "texture": "#0"}
			}
		},
		{
			"from": [-6, 8, -6],
			"to": [22, 8, 22],
			"shade": false,
			"rotation": {"angle": 0, "axis": "z", "origin": [8, 8, 8]},
			"faces": {
				"north": {"uv": [0, 0, 16, 0], "rotation": 180, "texture": "#0"},
				"east": {"uv": [0, 0, 16, 0], "rotation": 180, "texture": "#0"},
				"south": {"uv": [0, 0, 16, 0], "rotation": 180, "texture": "#0"},
				"west": {"uv": [0, 0, 16, 0], "rotation": 180, "texture": "#0"},
				"up": {"uv": [9, 16, 16, 9], "rotation": 180, "texture": "#0"},
				"down": {"uv": [9, 9, 16, 16], "rotation": 180, "texture": "#0"}
			}
		},
		{
			"from": [0, 0, 0],
			"to": [16, 16, 16],
			"faces": {
				"north": {"uv": [0, 0, 4, 4], "texture": "#0"},
				"east": {"uv": [0, 0, 4, 4], "texture": "#0"},
				"south": {"uv": [0, 0, 4, 4], "texture": "#0"},
				"west": {"uv": [0, 0, 4, 4], "texture": "#0"},
				"up": {"uv": [0, 0, 4, 4], "texture": "#0"},
				"down": {"uv": [0, 0, 4, 4], "texture": "#0"}
			}
		}
	],
	"display": {
		"thirdperson_righthand": {
			"rotation": [75, 45, 0],
			"translation": [0, 2.5, 0],
			"scale": [0.375, 0.375, 0.375]
		},
		"thirdperson_lefthand": {
			"rotation": [75, 45, 0],
			"translation": [0, 2.5, 0],
			"scale": [0.375, 0.375, 0.375]
		},
		"firstperson_righthand": {
			"rotation": [0, 45, 0],
			"scale": [0.4, 0.4, 0.4]
		},
		"firstperson_lefthand": {
			"rotation": [0, 225, 0],
			"scale": [0.4, 0.4, 0.4]
		},
		"ground": {
			"translation": [0, 3, 0],
			"scale": [0.25, 0.25, 0.25]
		},
		"gui": {
			"rotation": [30, 225, 0],
			"scale": [0.625, 0.625, 0.625]
		},
		"fixed": {
			"scale": [0.5, 0.5, 0.5]
		}
	},
	"groups": [
		{
			"name": "leaves",
			"origin": [8, 8, 8],
			"color": 0,
			"children": [0, 1, 2, 3, 4, 5, 6]
		}
	]
}