{
	"credit": "Made with Blockbench",
	"parent": "zorro_leaves",
	"texture_size": [48, 16],
	"textures": {
		"7": "spruce_leaves"
	},
	"elements": [
		{
			"from": [0, 0, 0],
			"to": [16, 16, 16],
			"faces": {
				"north": {"uv": [0, 0, 5.33333, 16], "texture": "#7"},
				"east": {"uv": [0, 0, 5.33333, 16], "texture": "#7"},
				"south": {"uv": [0, 0, 5.33333, 16], "texture": "#7"},
				"west": {"uv": [0, 0, 5.33333, 16], "texture": "#7"},
				"up": {"uv": [0, 0, 5.33333, 16], "texture": "#7"},
				"down": {"uv": [0, 0, 5.33333, 16], "texture": "#7"}
			}
		},
		{
			"from": [1, -5, 1],
			"to": [15, 1, 15],
			"faces": {
				"north": {"uv": [6, 0, 10.66667, 6], "texture": "#7"},
				"east": {"uv": [6, 0, 10.66667, 6], "texture": "#7"},
				"south": {"uv": [6, 0, 10.66667, 6], "texture": "#7"},
				"west": {"uv": [6, 0, 10.66667, 6], "texture": "#7"},
				"up": {"uv": [6, 10, 10.66667, 16], "texture": "#7"},
				"down": {"uv": [6, 10, 10.66667, 16], "texture": "#7"}
			}
		},
		{
			"from": [1, 16, 1],
			"to": [15, 22, 15],
			"faces": {
				"north": {"uv": [11.33333, 8, 16, 14], "texture": "#7"},
				"east": {"uv": [11.33333, 8, 16, 14], "texture": "#7"},
				"south": {"uv": [11.33333, 8, 16, 14], "texture": "#7"},
				"west": {"uv": [11.33333, 8, 16, 14], "texture": "#7"},
				"up": {"uv": [6, 10, 10.66667, 16], "texture": "#7"},
				"down": {"uv": [6, 10, 10.66667, 16], "texture": "#7"}
			}
		}
	],
	"display": {
		"thirdperson_righthand": {
			"rotation": [75, 45, 0],
			"translation": [0, 2.5, 0],
			"scale": [0.375, 0.375, 0.375]
		},
		"thirdperson_lefthand": {
			"rotation": [75, 45, 0],
			"translation": [0, 2.5, 0],
			"scale": [0.375, 0.375, 0.375]
		},
		"firstperson_righthand": {
			"rotation": [0, 45, 0],
			"scale": [0.4, 0.4, 0.4]
		},
		"firstperson_lefthand": {
			"rotation": [0, 225, 0],
			"scale": [0.4, 0.4, 0.4]
		},
		"ground": {
			"translation": [0, 3, 0],
			"scale": [0.25, 0.25, 0.25]
		},
		"gui": {
			"rotation": [30, 225, 0],
			"scale": [0.625, 0.625, 0.625]
		},
		"fixed": {
			"scale": [0.5, 0.5, 0.5]
		}
	}
}