{
	"credit": "Made with Blockbench",
	"texture_size": [64, 64],
	"textures": {
		"4": "WitchPool",
		"particle": "OneDrive/Desktop/textures1111/block/stripped_spruce_log"
	},
	"elements": [
		{
			"from": [1, 0, 1],
			"to": [4, 3, 4],
			"faces": {
				"north": {"uv": [0, 7.25, 0.75, 8], "texture": "#4"},
				"east": {"uv": [0, 7.25, 0.75, 8], "texture": "#4"},
				"south": {"uv": [0, 7.25, 0.75, 8], "texture": "#4"},
				"west": {"uv": [0, 7.25, 0.75, 8], "texture": "#4"},
				"up": {"uv": [0, 7.25, 0.75, 8], "texture": "#4"},
				"down": {"uv": [0, 3.25, 0.75, 4], "texture": "#4"}
			}
		},
		{
			"from": [12, 0, 1],
			"to": [15, 3, 4],
			"faces": {
				"north": {"uv": [0, 7.25, 0.75, 8], "texture": "#4"},
				"east": {"uv": [0, 7.25, 0.75, 8], "texture": "#4"},
				"south": {"uv": [0, 7.25, 0.75, 8], "texture": "#4"},
				"west": {"uv": [0, 7.25, 0.75, 8], "texture": "#4"},
				"up": {"uv": [0, 7.25, 0.75, 8], "texture": "#4"},
				"down": {"uv": [0, 3.25, 0.75, 4], "texture": "#4"}
			}
		},
		{
			"from": [1, 3, 1],
			"to": [15, 5, 15],
			"faces": {
				"north": {"uv": [0, 4, 3.5, 4.5], "texture": "#4"},
				"east": {"uv": [0, 4, 3.5, 4.5], "texture": "#4"},
				"south": {"uv": [0, 4, 3.5, 4.5], "texture": "#4"},
				"west": {"uv": [0, 4, 3.5, 4.5], "texture": "#4"},
				"up": {"uv": [4.25, 0.25, 7.75, 3.75], "texture": "#4"},
				"down": {"uv": [0.25, 0.25, 3.75, 3.75], "texture": "#4"}
			}
		},
		{
			"from": [1, 4, 14],
			"to": [15, 14, 16],
			"faces": {
				"north": {"uv": [0.25, 12, 3.75, 14.5], "texture": "#4"},
				"east": {"uv": [0, 0, 0.5, 2.5], "texture": "#missing"},
				"south": {"uv": [8.25, 4, 11.75, 6.5], "texture": "#4"},
				"west": {"uv": [0, 0, 0.5, 2.5], "texture": "#missing"},
				"up": {"uv": [4.25, 7.5, 7.75, 8], "texture": "#4"},
				"down": {"uv": [0.25, 4, 3.75, 4.5], "texture": "#4"}
			}
		},
		{
			"from": [0, 4, 0],
			"to": [1, 14, 16],
			"faces": {
				"north": {"uv": [0, 4, 0.25, 6.5], "texture": "#4"},
				"east": {"uv": [0, 0, 4, 2.5], "texture": "#missing"},
				"south": {"uv": [0, 4, 0.25, 6.5], "texture": "#4"},
				"west": {"uv": [0, 4, 4, 6.5], "texture": "#4"},
				"up": {"uv": [4, 4, 4.25, 8], "texture": "#4"},
				"down": {"uv": [0.25, 0, 0.5, 4], "texture": "#4"}
			}
		},
		{
			"from": [15, 4, 0],
			"to": [16, 14, 16],
			"faces": {
				"north": {"uv": [0, 4, 0.25, 6.5], "texture": "#4"},
				"east": {"uv": [0, 4, 4, 6.5], "texture": "#4"},
				"south": {"uv": [0, 4, 0.25, 6.5], "texture": "#4"},
				"west": {"uv": [0, 0, 4, 2.5], "texture": "#missing"},
				"up": {"uv": [4, 4, 4.25, 8], "texture": "#4"},
				"down": {"uv": [0.25, 0, 0.5, 4], "texture": "#4"}
			}
		},
		{
			"from": [14, 4, 2],
			"to": [15, 14, 14],
			"faces": {
				"north": {"uv": [0, 0, 0.25, 2.5], "texture": "#missing"},
				"east": {"uv": [0, 0, 3, 2.5], "texture": "#missing"},
				"south": {"uv": [0, 0, 0.25, 2.5], "texture": "#missing"},
				"west": {"uv": [0.75, 12, 3.75, 14.5], "texture": "#4"},
				"up": {"uv": [4.25, 4.5, 4.5, 7.5], "texture": "#4"},
				"down": {"uv": [0, 0, 0.25, 3], "texture": "#missing"}
			}
		},
		{
			"from": [1, 4, 2],
			"to": [2, 14, 14],
			"faces": {
				"north": {"uv": [0, 0, 0.25, 2.5], "texture": "#missing"},
				"east": {"uv": [0.5, 12, 3.5, 14.5], "texture": "#4"},
				"south": {"uv": [0, 0, 0.25, 2.5], "texture": "#missing"},
				"west": {"uv": [0, 0, 3, 2.5], "texture": "#missing"},
				"up": {"uv": [4.25, 4.5, 4.5, 7.5], "texture": "#4"},
				"down": {"uv": [0, 0, 0.25, 3], "texture": "#missing"}
			}
		},
		{
			"from": [1, 4, 0],
			"to": [15, 14, 2],
			"faces": {
				"north": {"uv": [8.25, 4, 11.75, 6.5], "texture": "#4"},
				"east": {"uv": [0, 0, 0.5, 2.5], "texture": "#missing"},
				"south": {"uv": [0.25, 12.25, 3.75, 14.75], "texture": "#4"},
				"west": {"uv": [0, 0, 0.5, 2.5], "texture": "#missing"},
				"up": {"uv": [4.25, 4, 7.75, 4.5], "texture": "#4"},
				"down": {"uv": [0, 6, 3.5, 6.5], "texture": "#4"}
			}
		},
		{
			"from": [12, 0, 12],
			"to": [15, 3, 15],
			"faces": {
				"north": {"uv": [0, 7.25, 0.75, 8], "texture": "#4"},
				"east": {"uv": [0, 7.25, 0.75, 8], "texture": "#4"},
				"south": {"uv": [0, 7.25, 0.75, 8], "texture": "#4"},
				"west": {"uv": [0, 7.25, 0.75, 8], "texture": "#4"},
				"up": {"uv": [0, 7.25, 0.75, 8], "texture": "#4"},
				"down": {"uv": [0, 3.25, 0.75, 4], "texture": "#4"}
			}
		},
		{
			"from": [1, 0, 12],
			"to": [4, 3, 15],
			"faces": {
				"north": {"uv": [0, 7.25, 0.75, 8], "texture": "#4"},
				"east": {"uv": [0, 7.25, 0.75, 8], "texture": "#4"},
				"south": {"uv": [0, 7.25, 0.75, 8], "texture": "#4"},
				"west": {"uv": [0, 7.25, 0.75, 8], "texture": "#4"},
				"up": {"uv": [0, 7.25, 0.75, 8], "texture": "#4"},
				"down": {"uv": [0, 3.25, 0.75, 4], "texture": "#4"}
			}
		},
		{
			"from": [6, 2, 7],
			"to": [8, 16, 9],
			"rotation": {"angle": -22.5, "axis": "x", "origin": [0, 0, 0]},
			"faces": {
				"north": {"uv": [13, 12.5, 13.5, 16], "texture": "#4"},
				"east": {"uv": [13, 12.5, 13.5, 16], "texture": "#4"},
				"south": {"uv": [13, 12.5, 13.5, 16], "texture": "#4"},
				"west": {"uv": [13, 12.5, 13.5, 16], "texture": "#4"},
				"up": {"uv": [14, 12.75, 14.5, 13.25], "texture": "#4"},
				"down": {"uv": [12.75, 12.75, 13.25, 13.25], "texture": "#4"}
			}
		}
	],
	"display": {
		"thirdperson_righthand": {
			"rotation": [75, 45, 0],
			"translation": [0, 2.5, 0],
			"scale": [0.375, 0.375, 0.375]
		},
		"thirdperson_lefthand": {
			"rotation": [75, 45, 0],
			"translation": [0, 2.5, 0],
			"scale": [0.375, 0.375, 0.375]
		},
		"firstperson_righthand": {
			"rotation": [0, 45, 0],
			"scale": [0.4, 0.4, 0.4]
		},
		"firstperson_lefthand": {
			"rotation": [0, 225, 0],
			"scale": [0.4, 0.4, 0.4]
		},
		"ground": {
			"translation": [0, 3, 0],
			"scale": [0.25, 0.25, 0.25]
		},
		"gui": {
			"rotation": [30, 225, 0],
			"scale": [0.625, 0.625, 0.625]
		},
		"fixed": {
			"scale": [0.5, 0.5, 0.5]
		}
	}
}