x,y,z,uuid,type,alive,display_name,custom_name
28.537056462046557,-60.0,0.4764397718623451,c465ea41-5b91-4a41-a0f1-099f4813014e,atmosphere:windcaller,true,Windcaller,[null]
2.648861668113315,-34.284214491110795,-12.579848102061444,19df2c87-be23-49f8-b4cc-f4a285115dbf,atmosphere:squall,true,Squall,[null]
-59.07836096199082,-46.12929030706239,-62.43979914577994,c1496127-651a-4033-975d-152a56fb5cf3,atmosphere:squall,true,Squall,[null]
4.563616206714091,-5.987475311406734,-9.003549093770154,447b8cbc-0055-4a1c-a17a-6b00edcac872,atmosphere:squall,true,Squall,[null]
21.30398094081123,-54.10200460782203,0.692671579215458,c011aa38-c96e-40bf-b679-1e09c836687d,atmosphere:squall,true,Squall,[null]
42.50562233432722,-42.1346296392398,-30.17410770805898,138fad6b-a2e8-403d-bfb0-eabfe1124e1c,atmosphere:squall,true,Squall,[null]
-38.7099951016687,-58.662436457677735,17.3617791820663,53c92902-6b04-4441-9c29-b86285909508,atmosphere:squall,true,Squall,[null]
-144.02383969654707,-49.75905660869795,20.50771977882822,fc47c3c5-6d49-4f36-a079-99f7c41acdd3,atmosphere:squall,false,Squall,[null]
15.402115889744751,-25.5453572813803,-144.0870722966272,fce46546-f143-4400-af8a-6987deed6116,atmosphere:squall,false,Squall,[null]
38.9604975333969,15.401021194046407,-144.0464203556768,4fdf615f-932b-40d5-a796-eff070b462d2,atmosphere:squall,false,Squall,[null]
63.631455289898156,-58.0,191.2795013809144,0b3f7b55-774d-44c7-84eb-8f3b2b4c5736,minecraft:villager,false,Villager,[null]
20.325160094654684,-48.54434567858362,-21.33475358920925,aa7fd1c3-40cb-4fca-b579-0cdc62a2971d,atmosphere:squall,true,Squall,[null]
-1.563218797328156,-51.61688417744451,5.016027117565173,6f5bd3b2-be2f-4444-ab4e-14ebc1c13806,atmosphere:squall,true,Squall,[null]
57.52775432625842,-21.406151596607547,-24.59192820531818,d49da81f-cbee-43d0-ba15-f66a4af4bd0e,atmosphere:squall,true,Squall,[null]
1.2500065373875424,-59.25269904814234,-55.267673853045764,d5118128-449b-467c-bef1-574bac13a776,atmosphere:squall,true,Squall,[null]
21.19789676413348,-56.12497047791977,-19.654297521302155,1df5b42f-c92e-435f-aa32-a46c7dac4c3c,atmosphere:squall,true,Squall,[null]
28.504287025950433,-54.45882258172834,14.465726991340821,87103abe-9959-487f-a29a-19a97c0a2fb9,atmosphere:squall,true,Squall,[null]
15.973537619235646,-60.0,-3.325351753159183,4521d026-49e4-47a6-a07f-c162f0f8bd27,minecraft:item,true,Windcaller Spawn Egg,[null]
4.60800322147055,-60.0,-9.13078690090814,380df991-f603-344c-a090-369bad2a924a,minecraft:player,true,Dev,[null]
22.61111777057829,-42.06008932707005,-12.513294550945716,b33f821b-e3c9-436e-a7df-807087c7f9a3,atmosphere:squall,true,Squall,[null]
18.658485212794005,-43.43701956402388,-2.970287069593448,6637db91-f5eb-42b8-8935-0c3d023e02fa,atmosphere:squall,true,Squall,[null]
