{
  "_fv": 34,
  "_type": "achievement",
  "definition": {
    "achievementName": "Abrakadabra",
    "achievementDescription": "Place a witch pool.",
    "achievementIcon": {
      "value": "CUSTOM:WitchPool"
    },
    "background": "Default",
    "disableDisplay": false,
    "showPopup": true,
    "announceToChat": true,
    "hideIfNotCompleted": true,
    "rewardLoot": [],
    "rewardRecipes": [],
    "rewardFunction": "No function",
    "rewardXP": 2,
    "achievementType": "task",
    "parent": {
      "value": "adventure/totem_of_undying"
    },
    "triggerxml": "<xml xmlns=\"https://developers.google.com/blockly/xml\"><block type=\"block_placed\" x=\"49\" y=\"22\"><value name=\"block\"><block type=\"mcitem_allblocks\"><field name=\"value\">CUSTOM:WitchPool</field></block></value><next><block type=\"advancement_trigger\" deletable=\"false\"></block></next></block></xml>"
  }
}