{
  "_fv": 34,
  "_type": "biome",
  "definition": {
    "name": "Stardust Valley",
    "groundBlock": {
      "value": "CUSTOM:StardustSand"
    },
    "undergroundBlock": {
      "value": "CUSTOM:SparklingStarstone"
    },
    "underwaterBlock": {
      "value": "CUSTOM:SparklingStarstone"
    },
    "airColor": {
      "value": -5911411,
      "falpha": 0.0
    },
    "grassColor": {
      "value": -9919677,
      "falpha": 0.0
    },
    "foliageColor": {
      "value": -1713845,
      "falpha": 0.0
    },
    "waterColor": {
      "value": -12923758,
      "falpha": 0.0
    },
    "waterFogColor": {
      "value": -12923758,
      "falpha": 0.0
    },
    "ambientSound": {
      "value": "ambient.soul_sand_valley.loop"
    },
    "additionsSound": {
      "value": "ambient.basalt_deltas.additions"
    },
    "music": {
      "value": "ambient.soul_sand_valley.mood"
    },
    "moodSound": {
      "value": "CUSTOM:death_whistle"
    },
    "moodSoundDelay": 6000,
    "spawnParticles": true,
    "particleToSpawn": {
      "value": "CUSTOM:Stardust1"
    },
    "particlesProbability": 0.4,
    "rainingPossibility": 0.5,
    "temperature": 1.0,
    "baseHeight": 0.1,
    "heightVariation": 0.2,
    "spawnBiome": false,
    "spawnBiomeNether": false,
    "spawnInCaves": false,
    "biomeWeight": 10,
    "grassPerChunk": 0,
    "seagrassPerChunk": 0,
    "flowersPerChunk": 0,
    "mushroomsPerChunk": 0,
    "bigMushroomsChunk": 0,
    "sandPatchesPerChunk": 0,
    "gravelPatchesPerChunk": 0,
    "reedsPerChunk": 0,
    "cactiPerChunk": 0,
    "treesPerChunk": 0,
    "vanillaTreeType": "Default",
    "treeType": 0,
    "minHeight": 7,
    "treeStem": {
      "value": ""
    },
    "treeBranch": {
      "value": ""
    },
    "treeVines": {
      "value": ""
    },
    "treeFruits": {
      "value": ""
    },
    "spawnStronghold": false,
    "spawnMineshaft": false,
    "spawnMineshaftMesa": false,
    "spawnPillagerOutpost": false,
    "villageType": "none",
    "spawnWoodlandMansion": false,
    "spawnJungleTemple": false,
    "spawnDesertPyramid": false,
    "spawnSwampHut": false,
    "spawnIgloo": false,
    "spawnOceanMonument": false,
    "spawnShipwreck": false,
    "spawnShipwreckBeached": false,
    "spawnBuriedTreasure": false,
    "oceanRuinType": "NONE",
    "spawnNetherBridge": false,
    "spawnNetherFossil": false,
    "spawnBastionRemnant": false,
    "spawnEndCity": false,
    "spawnRuinedPortal": "NONE",
    "defaultFeatures": [],
    "spawnEntries": []
  }
}