{
  "_fv": 34,
  "_type": "livingentity",
  "definition": {
    "mobName": "Windcaller",
    "mobLabel": "",
    "mobModelName": "Biped",
    "mobModelTexture": "windcaller.png",
    "mobModelGlowTexture": "",
    "modelWidth": 0.6,
    "modelHeight": 2.1999999999999997,
    "modelShadowSize": 0.5,
    "mountedYOffset": 0.0,
    "hasSpawnEgg": true,
    "spawnEggBaseColor": {
      "value": -5520698,
      "falpha": 0.0
    },
    "spawnEggDotColor": {
      "value": -13084959,
      "falpha": 0.0
    },
    "creativeTab": {
      "value": "CUSTOM:Atmosphere"
    },
    "isBoss": false,
    "bossBarColor": "PINK",
    "bossBarType": "PROGRESS",
    "equipmentMainHand": {
      "value": ""
    },
    "equipmentOffHand": {
      "value": ""
    },
    "equipmentHelmet": {
      "value": ""
    },
    "equipmentBody": {
      "value": ""
    },
    "equipmentLeggings": {
      "value": ""
    },
    "equipmentBoots": {
      "value": ""
    },
    "mobBehaviourType": "Mob",
    "mobCreatureType": "ILLAGER",
    "attackStrength": 3,
    "attackKnockback": 0.0,
    "knockbackResistance": 0.2,
    "movementSpeed": 0.30000000000000004,
    "armorBaseValue": 0.0,
    "trackingRange": 64,
    "followRange": 16,
    "health": 50,
    "xpAmount": 4,
    "waterMob": false,
    "flyingMob": false,
    "guiBoundTo": "<NONE>",
    "inventorySize": 9,
    "inventoryStackSize": 64,
    "disableCollisions": false,
    "ridable": false,
    "canControlForward": false,
    "canControlStrafe": false,
    "immuneToFire": false,
    "immuneToArrows": true,
    "immuneToFallDamage": true,
    "immuneToCactus": false,
    "immuneToDrowning": false,
    "immuneToLightning": false,
    "immuneToPotions": false,
    "immuneToPlayer": false,
    "immuneToExplosion": false,
    "immuneToTrident": false,
    "immuneToAnvil": false,
    "immuneToWither": false,
    "immuneToDragonBreath": false,
    "mobDrop": {
      "value": "CUSTOM:SoftAmulet"
    },
    "livingSound": {
      "value": ""
    },
    "hurtSound": {
      "value": "entity.generic.hurt"
    },
    "deathSound": {
      "value": "entity.generic.death"
    },
    "stepSound": {
      "value": ""
    },
    "spawnParticles": false,
    "particleToSpawn": {
      "value": "EXPLOSION_NORMAL"
    },
    "particleSpawningShape": "Spread",
    "particleSpawningRadious": 0.5,
    "particleAmount": 4,
    "whenMobIsHurt": {
      "name": "WindcallerEntityIsHurt"
    },
    "onMobTickUpdate": {
      "name": "WindcallerOnEntityTickUpdate"
    },
    "hasAI": true,
    "aiBase": "(none)",
    "aixml": "<xml xmlns=\"https://developers.google.com/blockly/xml\"><block type=\"aitasks_container\" deletable=\"false\" x=\"40\" y=\"40\"><next><block type=\"attack_on_collide\"><field name=\"speed\">1</field><field name=\"longmemory\">FALSE</field><field name=\"condition\">null,null</field><next><block type=\"panic_when_attacked\"><field name=\"speed\">1.1</field><field name=\"condition\">null,null</field><next><block type=\"avoid_entity\"><field name=\"entity\">EntityPlayer</field><field name=\"radius\">2</field><field name=\"farspeed\">1</field><field name=\"nearspeed\">1</field><field name=\"condition\">null,null</field><next><block type=\"wander\"><field name=\"speed\">1</field><field name=\"condition\">null,null</field><next><block type=\"look_around\"><field name=\"condition\">null,null</field><next><block type=\"swim_in_water\"><field name=\"condition\">null,null</field></block></next></block></next></block></next></block></next></block></next></block></next></block></xml>",
    "breedable": false,
    "tameable": false,
    "breedTriggerItems": [],
    "ranged": false,
    "rangedAttackItem": {
      "value": ""
    },
    "rangedItemType": "Default item",
    "spawnThisMob": false,
    "doesDespawnWhenIdle": false,
    "spawningProbability": 20,
    "mobSpawningType": "monster",
    "minNumberOfMobsPerGroup": 4,
    "maxNumberOfMobsPerGroup": 4,
    "restrictionBiomes": [],
    "spawnInDungeons": false
  }
}