{
	"credit": "Made with Blockbench",
	"texture_size": [32, 16],
	"textures": {
		"0": "borea_leaves",
		"particle": "borea_leaves"
	},
	"elements": [
		{
			"from": [0, 0, 0],
			"to": [16, 16, 16],
			"faces": {
				"north": {"uv": [3.5, 0, 11.5, 16], "texture": "#0"},
				"east": {"uv": [3.5, 0, 11.5, 16], "texture": "#0"},
				"south": {"uv": [3.5, 0, 11.5, 16], "texture": "#0"},
				"west": {"uv": [3.5, 0, 11.5, 16], "texture": "#0"},
				"up": {"uv": [3.5, 0, 11.5, 16], "texture": "#0"},
				"down": {"uv": [3.5, 0, 11.5, 16], "texture": "#0"}
			}
		},
		{
			"from": [-6, 0, 8],
			"to": [22, 16, 8],
			"rotation": {"angle": -45, "axis": "y", "origin": [8, 8, 8]},
			"faces": {
				"north": {"uv": [0.5, 0, 14.5, 16], "texture": "#0"},
				"east": {"uv": [3.5, 0, 3.5, 16], "texture": "#0"},
				"south": {"uv": [0.5, 0, 14.5, 16], "texture": "#0"},
				"west": {"uv": [3.5, 0, 3.5, 16], "texture": "#0"},
				"up": {"uv": [3.5, 0, 11.5, 0], "texture": "#0"},
				"down": {"uv": [3.5, 0, 11.5, 0], "texture": "#0"}
			}
		},
		{
			"from": [-6, 0, 8],
			"to": [22, 16, 8],
			"rotation": {"angle": 45, "axis": "y", "origin": [8, 8, 8]},
			"faces": {
				"north": {"uv": [0.5, 0, 14.5, 16], "texture": "#0"},
				"east": {"uv": [3.5, 0, 3.5, 16], "texture": "#0"},
				"south": {"uv": [0.5, 0, 14.5, 16], "texture": "#0"},
				"west": {"uv": [3.5, 0, 3.5, 16], "texture": "#0"},
				"up": {"uv": [3.5, 0, 11.5, 0], "texture": "#0"},
				"down": {"uv": [3.5, 0, 11.5, 0], "texture": "#0"}
			}
		}
	],
	"display": {
		"thirdperson_righthand": {
			"rotation": [75, 45, 0],
			"translation": [0, 2.5, 0],
			"scale": [0.375, 0.375, 0.375]
		},
		"thirdperson_lefthand": {
			"rotation": [75, 45, 0],
			"translation": [0, 2.5, 0],
			"scale": [0.375, 0.375, 0.375]
		},
		"firstperson_righthand": {
			"rotation": [0, 45, 0],
			"scale": [0.4, 0.4, 0.4]
		},
		"firstperson_lefthand": {
			"rotation": [0, 225, 0],
			"scale": [0.4, 0.4, 0.4]
		},
		"ground": {
			"translation": [0, 3, 0],
			"scale": [0.25, 0.25, 0.25]
		},
		"gui": {
			"rotation": [30, 225, 0],
			"scale": [0.625, 0.625, 0.625]
		},
		"fixed": {
			"scale": [0.5, 0.5, 0.5]
		}
	}
}