{
	"credit": "Made with Blockbench",
	"texture_size": [32, 32],
	"textures": {
		"4": "stiched_texture"
	},
	"elements": [
		{
			"from": [1, 0, 1],
			"to": [4, 3, 4],
			"faces": {
				"north": {"uv": [0, 14.5, 1.5, 16], "texture": "#4"},
				"east": {"uv": [0, 14.5, 1.5, 16], "texture": "#4"},
				"south": {"uv": [0, 14.5, 1.5, 16], "texture": "#4"},
				"west": {"uv": [0, 14.5, 1.5, 16], "texture": "#4"},
				"up": {"uv": [0, 14.5, 1.5, 16], "texture": "#4"},
				"down": {"uv": [0, 6.5, 1.5, 8], "texture": "#4"}
			}
		},
		{
			"from": [12, 0, 1],
			"to": [15, 3, 4],
			"faces": {
				"north": {"uv": [0, 14.5, 1.5, 16], "texture": "#4"},
				"east": {"uv": [0, 14.5, 1.5, 16], "texture": "#4"},
				"south": {"uv": [0, 14.5, 1.5, 16], "texture": "#4"},
				"west": {"uv": [0, 14.5, 1.5, 16], "texture": "#4"},
				"up": {"uv": [0, 14.5, 1.5, 16], "texture": "#4"},
				"down": {"uv": [0, 6.5, 1.5, 8], "texture": "#4"}
			}
		},
		{
			"from": [1, 3, 1],
			"to": [15, 5, 15],
			"faces": {
				"north": {"uv": [0, 8, 7, 9], "texture": "#4"},
				"east": {"uv": [0, 8, 7, 9], "texture": "#4"},
				"south": {"uv": [0, 8, 7, 9], "texture": "#4"},
				"west": {"uv": [0, 8, 7, 9], "texture": "#4"},
				"up": {"uv": [8.5, 0.5, 15.5, 7.5], "texture": "#4"},
				"down": {"uv": [0.5, 0.5, 7.5, 7.5], "texture": "#4"}
			}
		},
		{
			"from": [1, 4, 14],
			"to": [15, 14, 16],
			"faces": {
				"north": {"uv": [0, 8, 7, 13], "texture": "#4"},
				"east": {"uv": [0, 0, 1, 5], "texture": "#missing"},
				"south": {"uv": [0.5, 8, 7.5, 13], "texture": "#4"},
				"west": {"uv": [0, 0, 1, 5], "texture": "#missing"},
				"up": {"uv": [8.5, 15, 15.5, 16], "texture": "#4"},
				"down": {"uv": [0.5, 8, 7.5, 9], "texture": "#4"}
			}
		},
		{
			"from": [0, 4, 0],
			"to": [1, 14, 16],
			"faces": {
				"north": {"uv": [0, 8, 0.5, 13], "texture": "#4"},
				"east": {"uv": [0, 0, 8, 5], "texture": "#missing"},
				"south": {"uv": [0, 8, 0.5, 13], "texture": "#4"},
				"west": {"uv": [0, 8, 8, 13], "texture": "#4"},
				"up": {"uv": [8, 8, 8.5, 16], "texture": "#4"},
				"down": {"uv": [0.5, 0, 1, 8], "texture": "#4"}
			}
		},
		{
			"from": [15, 4, 0],
			"to": [16, 14, 16],
			"faces": {
				"north": {"uv": [0, 8, 0.5, 13], "texture": "#4"},
				"east": {"uv": [0, 8, 8, 13], "texture": "#4"},
				"south": {"uv": [0, 8, 0.5, 13], "texture": "#4"},
				"west": {"uv": [0, 0, 8, 5], "texture": "#missing"},
				"up": {"uv": [8, 8, 8.5, 16], "texture": "#4"},
				"down": {"uv": [0.5, 0, 1, 8], "texture": "#4"}
			}
		},
		{
			"from": [14, 4, 2],
			"to": [15, 14, 14],
			"faces": {
				"north": {"uv": [0, 0, 0.5, 5], "texture": "#missing"},
				"east": {"uv": [0, 0, 6, 5], "texture": "#missing"},
				"south": {"uv": [0, 0, 0.5, 5], "texture": "#missing"},
				"west": {"uv": [0, 8, 6, 13], "texture": "#4"},
				"up": {"uv": [8.5, 9, 9, 15], "texture": "#4"},
				"down": {"uv": [0, 0, 0.5, 6], "texture": "#missing"}
			}
		},
		{
			"from": [1, 4, 2],
			"to": [2, 14, 14],
			"faces": {
				"north": {"uv": [0, 0, 0.5, 5], "texture": "#missing"},
				"east": {"uv": [0, 8, 6, 13], "texture": "#4"},
				"south": {"uv": [0, 0, 0.5, 5], "texture": "#missing"},
				"west": {"uv": [0, 0, 6, 5], "texture": "#missing"},
				"up": {"uv": [8.5, 9, 9, 15], "texture": "#4"},
				"down": {"uv": [0, 0, 0.5, 6], "texture": "#missing"}
			}
		},
		{
			"from": [1, 4, 0],
			"to": [15, 14, 2],
			"faces": {
				"north": {"uv": [0.5, 8, 7.5, 13], "texture": "#4"},
				"east": {"uv": [0, 0, 1, 5], "texture": "#missing"},
				"south": {"uv": [0, 8, 7, 13], "texture": "#4"},
				"west": {"uv": [0, 0, 1, 5], "texture": "#missing"},
				"up": {"uv": [8.5, 8, 15.5, 9], "texture": "#4"},
				"down": {"uv": [0, 12, 7, 13], "texture": "#4"}
			}
		},
		{
			"from": [12, 0, 12],
			"to": [15, 3, 15],
			"faces": {
				"north": {"uv": [0, 14.5, 1.5, 16], "texture": "#4"},
				"east": {"uv": [0, 14.5, 1.5, 16], "texture": "#4"},
				"south": {"uv": [0, 14.5, 1.5, 16], "texture": "#4"},
				"west": {"uv": [0, 14.5, 1.5, 16], "texture": "#4"},
				"up": {"uv": [0, 14.5, 1.5, 16], "texture": "#4"},
				"down": {"uv": [0, 6.5, 1.5, 8], "texture": "#4"}
			}
		},
		{
			"from": [1, 0, 12],
			"to": [4, 3, 15],
			"faces": {
				"north": {"uv": [0, 14.5, 1.5, 16], "texture": "#4"},
				"east": {"uv": [0, 14.5, 1.5, 16], "texture": "#4"},
				"south": {"uv": [0, 14.5, 1.5, 16], "texture": "#4"},
				"west": {"uv": [0, 14.5, 1.5, 16], "texture": "#4"},
				"up": {"uv": [0, 14.5, 1.5, 16], "texture": "#4"},
				"down": {"uv": [0, 6.5, 1.5, 8], "texture": "#4"}
			}
		}
	],
	"display": {
		"thirdperson_righthand": {
			"rotation": [75, 45, 0],
			"translation": [0, 2.5, 0],
			"scale": [0.375, 0.375, 0.375]
		},
		"thirdperson_lefthand": {
			"rotation": [75, 45, 0],
			"translation": [0, 2.5, 0],
			"scale": [0.375, 0.375, 0.375]
		},
		"firstperson_righthand": {
			"rotation": [0, 45, 0],
			"scale": [0.4, 0.4, 0.4]
		},
		"firstperson_lefthand": {
			"rotation": [0, 225, 0],
			"scale": [0.4, 0.4, 0.4]
		},
		"ground": {
			"translation": [0, 3, 0],
			"scale": [0.25, 0.25, 0.25]
		},
		"gui": {
			"rotation": [30, 225, 0],
			"scale": [0.625, 0.625, 0.625]
		},
		"fixed": {
			"scale": [0.5, 0.5, 0.5]
		}
	}
}